
SET client_encoding = 'UTF8';

INSERT INTO courses (id, course_name, language_id) VALUES (1, 'Course 1', 1);
INSERT INTO courses (id, course_name, language_id) VALUES (2, 'Course 2', 1);
INSERT INTO courses (id, course_name, language_id) VALUES (3, 'Course 3', 1);
INSERT INTO courses (id, course_name, language_id) VALUES (4, 'sentence of the week', 5);



INSERT INTO languages (id, lang_name, code) VALUES (1, 'szwedzki', 'se');
INSERT INTO languages (id, lang_name, code) VALUES (2, 'angielski', 'uk');
INSERT INTO languages (id, lang_name, code) VALUES (3, 'fiński', 'fi');
INSERT INTO languages (id, lang_name, code) VALUES (4, 'niemiecki', 'de');
INSERT INTO languages (id, lang_name, code) VALUES (5, 'lakota', 'la');
INSERT INTO languages (id, lang_name, code) VALUES (6, 'grecki', 'gr');
INSERT INTO languages (id, lang_name, code) VALUES (7, 'norweski', 'no');
INSERT INTO languages (id, lang_name, code) VALUES (8, 'gruziński', 'ge');



INSERT INTO lesson_structures (lesson_id, structure_id) VALUES (4, 1);
INSERT INTO lesson_structures (lesson_id, structure_id) VALUES (5, 2);


INSERT INTO lessons (id, lesson_name, course_id) VALUES (1, 'lesson 1', 1);
INSERT INTO lessons (id, lesson_name, course_id) VALUES (2, 'lesson 2', 1);
INSERT INTO lessons (id, lesson_name, course_id) VALUES (3, 'lesson 3', 1);
INSERT INTO lessons (id, lesson_name, course_id) VALUES (4, 'dzierżawcze', 4);
INSERT INTO lessons (id, lesson_name, course_id) VALUES (5, 'eya bluha', 4);
INSERT INTO lessons (id, lesson_name, course_id) VALUES (6, 'chcę coś... jakieś...', 4);




INSERT INTO lexers (id, lex_name, descr, parent_id) VALUES (1, 'WORD_FUNCTION', 'Funkcje części mowy', NULL);
INSERT INTO lexers (id, lex_name, descr, parent_id) VALUES (3, 'WORD_CATEGORY', 'Kategorie słów', NULL);
INSERT INTO lexers (id, lex_name, descr, parent_id) VALUES (5, 'noun', 'rzeczownik', 1);
INSERT INTO lexers (id, lex_name, descr, parent_id) VALUES (7, 'static verb', 'czasownik stanu', 1);
INSERT INTO lexers (id, lex_name, descr, parent_id) VALUES (2, 'verb', 'czasownik', 1);
INSERT INTO lexers (id, lex_name, descr, parent_id) VALUES (4, 'clothes', 'ubrania', 3);
INSERT INTO lexers (id, lex_name, descr, parent_id) VALUES (6, 'food', 'jedzenie', 3);
INSERT INTO lexers (id, lex_name, descr, parent_id) VALUES (8, 'adjective', 'przymiotnik', 1);
INSERT INTO lexers (id, lex_name, descr, parent_id) VALUES (9, 'article', 'rodzajnik', 1);
INSERT INTO lexers (id, lex_name, descr, parent_id) VALUES (10, 'possessive', 'zaimek dzierżawczy', 1);
INSERT INTO lexers (id, lex_name, descr, parent_id) VALUES (11, 'animals', 'zwierzęta', 3);
INSERT INTO lexers (id, lex_name, descr, parent_id) VALUES (12, 'colors', 'Colors', 3);
INSERT INTO lexers (id, lex_name, descr, parent_id) VALUES (13, 'look & feel', 'look & feel', 3);
INSERT INTO lexers (id, lex_name, descr, parent_id) VALUES (14, 'tools', 'tools', 3);
INSERT INTO lexers (id, lex_name, descr, parent_id) VALUES (15, 'animate', 'animate objects', 3);
INSERT INTO lexers (id, lex_name, descr, parent_id) VALUES (16, 'inanimate', 'inanimate objects', 3);
INSERT INTO lexers (id, lex_name, descr, parent_id) VALUES (17, 'verb (have)', 'czasownik mieć', 1);
INSERT INTO lexers (id, lex_name, descr, parent_id) VALUES (18, 'SLOT_SPECIFY_TYPE', 'Typ czesci mowy', NULL);
INSERT INTO lexers (id, lex_name, descr, parent_id) VALUES (20, 'specified form', 'forma', 18);
INSERT INTO lexers (id, lex_name, descr, parent_id) VALUES (21, 'FORM_TYPES', 'typy form czasowników', NULL);
INSERT INTO lexers (id, lex_name, descr, parent_id) VALUES (25, 'du', 'dualis', 21);
INSERT INTO lexers (id, lex_name, descr, parent_id) VALUES (29, 'singularis', 'singularis', 21);
INSERT INTO lexers (id, lex_name, descr, parent_id) VALUES (30, 'pluralis', 'pluralis', 21);
INSERT INTO lexers (id, lex_name, descr, parent_id) VALUES (31, 'template', 'template', 21);
INSERT INTO lexers (id, lex_name, descr, parent_id) VALUES (22, '1sg', '1 os. singularis', 29);
INSERT INTO lexers (id, lex_name, descr, parent_id) VALUES (23, '2sg', '2 os. singularis', 29);
INSERT INTO lexers (id, lex_name, descr, parent_id) VALUES (24, '3sg', '3 os. singularis', 29);
INSERT INTO lexers (id, lex_name, descr, parent_id) VALUES (26, '1pl', '1 os. pluralis', 30);
INSERT INTO lexers (id, lex_name, descr, parent_id) VALUES (27, '2pl', '2 os. pluralis', 30);
INSERT INTO lexers (id, lex_name, descr, parent_id) VALUES (28, '3pl', '3 os. pluralis', 30);
INSERT INTO lexers (id, lex_name, descr, parent_id) VALUES (32, 'VERB_CONJUGATIO', 'konjugacja czasownika', NULL);
INSERT INTO lexers (id, lex_name, descr, parent_id) VALUES (33, 'CLASS_I', 'klasa I wa/ya-stem verbs', 32);
INSERT INTO lexers (id, lex_name, descr, parent_id) VALUES (34, 'CLASS_II', 'klasa II y-stem verbs', 32);
INSERT INTO lexers (id, lex_name, descr, parent_id) VALUES (35, 'CLASS_III', 'klasa III nasal stem verbs', 32);
INSERT INTO lexers (id, lex_name, descr, parent_id) VALUES (36, 'IRREGULAR', 'irregular', 32);
INSERT INTO lexers (id, lex_name, descr, parent_id) VALUES (19, 'fixed word(s)', 'konkretne słowo/-a', 18);
INSERT INTO lexers (id, lex_name, descr, parent_id) VALUES (37, 'reduplication', 'adjectives reduplication', 21);


INSERT INTO sentence_builded (word_id, ordering, slot_id, translation_id, word_form_id) VALUES (7, 1, 1, 15, NULL);
INSERT INTO sentence_builded (word_id, ordering, slot_id, translation_id, word_form_id) VALUES (20, 2, 1, 15, NULL);
INSERT INTO sentence_builded (word_id, ordering, slot_id, translation_id, word_form_id) VALUES (3, 3, 1, 15, NULL);
INSERT INTO sentence_builded (word_id, ordering, slot_id, translation_id, word_form_id) VALUES (42, 4, 1, 15, NULL);
INSERT INTO sentence_builded (word_id, ordering, slot_id, translation_id, word_form_id) VALUES (23, 1, 1, 8, NULL);
INSERT INTO sentence_builded (word_id, ordering, slot_id, translation_id, word_form_id) VALUES (2, 2, 1, 8, NULL);
INSERT INTO sentence_builded (word_id, ordering, slot_id, translation_id, word_form_id) VALUES (3, 3, 1, 8, NULL);
INSERT INTO sentence_builded (word_id, ordering, slot_id, translation_id, word_form_id) VALUES (41, 4, 1, 8, NULL);
INSERT INTO sentence_builded (word_id, ordering, slot_id, translation_id, word_form_id) VALUES (24, 1, 1, 16, NULL);
INSERT INTO sentence_builded (word_id, ordering, slot_id, translation_id, word_form_id) VALUES (2, 2, 1, 16, NULL);
INSERT INTO sentence_builded (word_id, ordering, slot_id, translation_id, word_form_id) VALUES (3, 3, 1, 16, NULL);
INSERT INTO sentence_builded (word_id, ordering, slot_id, translation_id, word_form_id) VALUES (48, 4, 1, 16, NULL);
INSERT INTO sentence_builded (word_id, ordering, slot_id, translation_id, word_form_id) VALUES (26, 1, 1, 17, NULL);
INSERT INTO sentence_builded (word_id, ordering, slot_id, translation_id, word_form_id) VALUES (20, 2, 1, 17, NULL);
INSERT INTO sentence_builded (word_id, ordering, slot_id, translation_id, word_form_id) VALUES (3, 3, 1, 17, NULL);
INSERT INTO sentence_builded (word_id, ordering, slot_id, translation_id, word_form_id) VALUES (37, 4, 1, 17, NULL);
INSERT INTO sentence_builded (word_id, ordering, slot_id, translation_id, word_form_id) VALUES (21, 1, 1, 18, NULL);
INSERT INTO sentence_builded (word_id, ordering, slot_id, translation_id, word_form_id) VALUES (6, 2, 1, 18, NULL);
INSERT INTO sentence_builded (word_id, ordering, slot_id, translation_id, word_form_id) VALUES (3, 3, 1, 18, NULL);
INSERT INTO sentence_builded (word_id, ordering, slot_id, translation_id, word_form_id) VALUES (42, 4, 1, 18, NULL);
INSERT INTO sentence_builded (word_id, ordering, slot_id, translation_id, word_form_id) VALUES (14, 1, 1, 19, NULL);
INSERT INTO sentence_builded (word_id, ordering, slot_id, translation_id, word_form_id) VALUES (20, 2, 1, 19, NULL);
INSERT INTO sentence_builded (word_id, ordering, slot_id, translation_id, word_form_id) VALUES (3, 3, 1, 19, NULL);
INSERT INTO sentence_builded (word_id, ordering, slot_id, translation_id, word_form_id) VALUES (42, 4, 1, 19, NULL);
INSERT INTO sentence_builded (word_id, ordering, slot_id, translation_id, word_form_id) VALUES (11, 1, 1, 20, NULL);
INSERT INTO sentence_builded (word_id, ordering, slot_id, translation_id, word_form_id) VALUES (6, 2, 1, 20, NULL);
INSERT INTO sentence_builded (word_id, ordering, slot_id, translation_id, word_form_id) VALUES (3, 3, 1, 20, NULL);
INSERT INTO sentence_builded (word_id, ordering, slot_id, translation_id, word_form_id) VALUES (37, 4, 1, 20, NULL);
INSERT INTO sentence_builded (word_id, ordering, slot_id, translation_id, word_form_id) VALUES (34, 1, 1, 21, NULL);
INSERT INTO sentence_builded (word_id, ordering, slot_id, translation_id, word_form_id) VALUES (20, 2, 1, 21, NULL);
INSERT INTO sentence_builded (word_id, ordering, slot_id, translation_id, word_form_id) VALUES (3, 3, 1, 21, NULL);
INSERT INTO sentence_builded (word_id, ordering, slot_id, translation_id, word_form_id) VALUES (17, 4, 1, 21, NULL);
INSERT INTO sentence_builded (word_id, ordering, slot_id, translation_id, word_form_id) VALUES (22, 1, 1, 22, NULL);
INSERT INTO sentence_builded (word_id, ordering, slot_id, translation_id, word_form_id) VALUES (2, 2, 1, 22, NULL);
INSERT INTO sentence_builded (word_id, ordering, slot_id, translation_id, word_form_id) VALUES (3, 3, 1, 22, NULL);
INSERT INTO sentence_builded (word_id, ordering, slot_id, translation_id, word_form_id) VALUES (17, 4, 1, 22, NULL);
INSERT INTO sentence_builded (word_id, ordering, slot_id, translation_id, word_form_id) VALUES (9, 1, 1, 23, NULL);
INSERT INTO sentence_builded (word_id, ordering, slot_id, translation_id, word_form_id) VALUES (20, 2, 1, 23, NULL);
INSERT INTO sentence_builded (word_id, ordering, slot_id, translation_id, word_form_id) VALUES (3, 3, 1, 23, NULL);
INSERT INTO sentence_builded (word_id, ordering, slot_id, translation_id, word_form_id) VALUES (46, 4, 1, 23, NULL);
INSERT INTO sentence_builded (word_id, ordering, slot_id, translation_id, word_form_id) VALUES (1, 1, 1, 24, NULL);
INSERT INTO sentence_builded (word_id, ordering, slot_id, translation_id, word_form_id) VALUES (20, 2, 1, 24, NULL);
INSERT INTO sentence_builded (word_id, ordering, slot_id, translation_id, word_form_id) VALUES (3, 3, 1, 24, NULL);
INSERT INTO sentence_builded (word_id, ordering, slot_id, translation_id, word_form_id) VALUES (48, 4, 1, 24, NULL);
INSERT INTO sentence_builded (word_id, ordering, slot_id, translation_id, word_form_id) VALUES (7, 1, 1, 25, NULL);
INSERT INTO sentence_builded (word_id, ordering, slot_id, translation_id, word_form_id) VALUES (2, 2, 1, 25, NULL);
INSERT INTO sentence_builded (word_id, ordering, slot_id, translation_id, word_form_id) VALUES (3, 3, 1, 25, NULL);
INSERT INTO sentence_builded (word_id, ordering, slot_id, translation_id, word_form_id) VALUES (48, 4, 1, 25, NULL);
INSERT INTO sentence_builded (word_id, ordering, slot_id, translation_id, word_form_id) VALUES (21, 1, 1, 26, NULL);
INSERT INTO sentence_builded (word_id, ordering, slot_id, translation_id, word_form_id) VALUES (6, 2, 1, 26, NULL);
INSERT INTO sentence_builded (word_id, ordering, slot_id, translation_id, word_form_id) VALUES (3, 3, 1, 26, NULL);
INSERT INTO sentence_builded (word_id, ordering, slot_id, translation_id, word_form_id) VALUES (48, 4, 1, 26, NULL);
INSERT INTO sentence_builded (word_id, ordering, slot_id, translation_id, word_form_id) VALUES (21, 1, 1, 27, NULL);
INSERT INTO sentence_builded (word_id, ordering, slot_id, translation_id, word_form_id) VALUES (20, 2, 1, 27, NULL);
INSERT INTO sentence_builded (word_id, ordering, slot_id, translation_id, word_form_id) VALUES (3, 3, 1, 27, NULL);
INSERT INTO sentence_builded (word_id, ordering, slot_id, translation_id, word_form_id) VALUES (48, 4, 1, 27, NULL);
INSERT INTO sentence_builded (word_id, ordering, slot_id, translation_id, word_form_id) VALUES (14, 1, 1, 28, NULL);
INSERT INTO sentence_builded (word_id, ordering, slot_id, translation_id, word_form_id) VALUES (2, 2, 1, 28, NULL);
INSERT INTO sentence_builded (word_id, ordering, slot_id, translation_id, word_form_id) VALUES (3, 3, 1, 28, NULL);
INSERT INTO sentence_builded (word_id, ordering, slot_id, translation_id, word_form_id) VALUES (48, 4, 1, 28, NULL);
INSERT INTO sentence_builded (word_id, ordering, slot_id, translation_id, word_form_id) VALUES (14, 1, 1, 29, NULL);
INSERT INTO sentence_builded (word_id, ordering, slot_id, translation_id, word_form_id) VALUES (2, 2, 1, 29, NULL);
INSERT INTO sentence_builded (word_id, ordering, slot_id, translation_id, word_form_id) VALUES (3, 3, 1, 29, NULL);
INSERT INTO sentence_builded (word_id, ordering, slot_id, translation_id, word_form_id) VALUES (42, 4, 1, 29, NULL);
INSERT INTO sentence_builded (word_id, ordering, slot_id, translation_id, word_form_id) VALUES (32, 1, 1, 30, NULL);
INSERT INTO sentence_builded (word_id, ordering, slot_id, translation_id, word_form_id) VALUES (2, 2, 1, 30, NULL);
INSERT INTO sentence_builded (word_id, ordering, slot_id, translation_id, word_form_id) VALUES (3, 3, 1, 30, NULL);
INSERT INTO sentence_builded (word_id, ordering, slot_id, translation_id, word_form_id) VALUES (38, 4, 1, 30, NULL);
INSERT INTO sentence_builded (word_id, ordering, slot_id, translation_id, word_form_id) VALUES (29, 1, 1, 31, NULL);
INSERT INTO sentence_builded (word_id, ordering, slot_id, translation_id, word_form_id) VALUES (6, 2, 1, 31, NULL);
INSERT INTO sentence_builded (word_id, ordering, slot_id, translation_id, word_form_id) VALUES (3, 3, 1, 31, NULL);
INSERT INTO sentence_builded (word_id, ordering, slot_id, translation_id, word_form_id) VALUES (37, 4, 1, 31, NULL);
INSERT INTO sentence_builded (word_id, ordering, slot_id, translation_id, word_form_id) VALUES (7, 1, 1, 32, NULL);
INSERT INTO sentence_builded (word_id, ordering, slot_id, translation_id, word_form_id) VALUES (6, 2, 1, 32, NULL);
INSERT INTO sentence_builded (word_id, ordering, slot_id, translation_id, word_form_id) VALUES (3, 3, 1, 32, NULL);
INSERT INTO sentence_builded (word_id, ordering, slot_id, translation_id, word_form_id) VALUES (37, 4, 1, 32, NULL);
INSERT INTO sentence_builded (word_id, ordering, slot_id, translation_id, word_form_id) VALUES (26, 1, 1, 10, NULL);
INSERT INTO sentence_builded (word_id, ordering, slot_id, translation_id, word_form_id) VALUES (2, 2, 1, 10, NULL);
INSERT INTO sentence_builded (word_id, ordering, slot_id, translation_id, word_form_id) VALUES (3, 3, 1, 10, NULL);
INSERT INTO sentence_builded (word_id, ordering, slot_id, translation_id, word_form_id) VALUES (37, 4, 1, 10, NULL);
INSERT INTO sentence_builded (word_id, ordering, slot_id, translation_id, word_form_id) VALUES (33, 1, 1, 33, NULL);
INSERT INTO sentence_builded (word_id, ordering, slot_id, translation_id, word_form_id) VALUES (20, 2, 1, 33, NULL);
INSERT INTO sentence_builded (word_id, ordering, slot_id, translation_id, word_form_id) VALUES (3, 3, 1, 33, NULL);
INSERT INTO sentence_builded (word_id, ordering, slot_id, translation_id, word_form_id) VALUES (37, 4, 1, 33, NULL);
INSERT INTO sentence_builded (word_id, ordering, slot_id, translation_id, word_form_id) VALUES (14, 1, 1, 34, NULL);
INSERT INTO sentence_builded (word_id, ordering, slot_id, translation_id, word_form_id) VALUES (2, 2, 1, 34, NULL);
INSERT INTO sentence_builded (word_id, ordering, slot_id, translation_id, word_form_id) VALUES (3, 3, 1, 34, NULL);
INSERT INTO sentence_builded (word_id, ordering, slot_id, translation_id, word_form_id) VALUES (37, 4, 1, 34, NULL);
INSERT INTO sentence_builded (word_id, ordering, slot_id, translation_id, word_form_id) VALUES (26, 1, 1, 35, NULL);
INSERT INTO sentence_builded (word_id, ordering, slot_id, translation_id, word_form_id) VALUES (2, 2, 1, 35, NULL);
INSERT INTO sentence_builded (word_id, ordering, slot_id, translation_id, word_form_id) VALUES (3, 3, 1, 35, NULL);
INSERT INTO sentence_builded (word_id, ordering, slot_id, translation_id, word_form_id) VALUES (42, 4, 1, 35, NULL);
INSERT INTO sentence_builded (word_id, ordering, slot_id, translation_id, word_form_id) VALUES (13, 1, 1, 36, NULL);
INSERT INTO sentence_builded (word_id, ordering, slot_id, translation_id, word_form_id) VALUES (2, 2, 1, 36, NULL);
INSERT INTO sentence_builded (word_id, ordering, slot_id, translation_id, word_form_id) VALUES (3, 3, 1, 36, NULL);
INSERT INTO sentence_builded (word_id, ordering, slot_id, translation_id, word_form_id) VALUES (37, 4, 1, 36, NULL);
INSERT INTO sentence_builded (word_id, ordering, slot_id, translation_id, word_form_id) VALUES (23, 1, 1, 37, NULL);
INSERT INTO sentence_builded (word_id, ordering, slot_id, translation_id, word_form_id) VALUES (20, 2, 1, 37, NULL);
INSERT INTO sentence_builded (word_id, ordering, slot_id, translation_id, word_form_id) VALUES (3, 3, 1, 37, NULL);
INSERT INTO sentence_builded (word_id, ordering, slot_id, translation_id, word_form_id) VALUES (41, 4, 1, 37, NULL);
INSERT INTO sentence_builded (word_id, ordering, slot_id, translation_id, word_form_id) VALUES (34, 1, 1, 38, NULL);
INSERT INTO sentence_builded (word_id, ordering, slot_id, translation_id, word_form_id) VALUES (2, 2, 1, 38, NULL);
INSERT INTO sentence_builded (word_id, ordering, slot_id, translation_id, word_form_id) VALUES (3, 3, 1, 38, NULL);
INSERT INTO sentence_builded (word_id, ordering, slot_id, translation_id, word_form_id) VALUES (37, 4, 1, 38, NULL);
INSERT INTO sentence_builded (word_id, ordering, slot_id, translation_id, word_form_id) VALUES (11, 1, 1, 39, NULL);
INSERT INTO sentence_builded (word_id, ordering, slot_id, translation_id, word_form_id) VALUES (2, 2, 1, 39, NULL);
INSERT INTO sentence_builded (word_id, ordering, slot_id, translation_id, word_form_id) VALUES (3, 3, 1, 39, NULL);
INSERT INTO sentence_builded (word_id, ordering, slot_id, translation_id, word_form_id) VALUES (37, 4, 1, 39, NULL);
INSERT INTO sentence_builded (word_id, ordering, slot_id, translation_id, word_form_id) VALUES (21, 1, 1, 40, NULL);
INSERT INTO sentence_builded (word_id, ordering, slot_id, translation_id, word_form_id) VALUES (2, 2, 1, 40, NULL);
INSERT INTO sentence_builded (word_id, ordering, slot_id, translation_id, word_form_id) VALUES (3, 3, 1, 40, NULL);
INSERT INTO sentence_builded (word_id, ordering, slot_id, translation_id, word_form_id) VALUES (37, 4, 1, 40, NULL);
INSERT INTO sentence_builded (word_id, ordering, slot_id, translation_id, word_form_id) VALUES (21, 1, 1, 41, NULL);
INSERT INTO sentence_builded (word_id, ordering, slot_id, translation_id, word_form_id) VALUES (2, 2, 1, 41, NULL);
INSERT INTO sentence_builded (word_id, ordering, slot_id, translation_id, word_form_id) VALUES (3, 3, 1, 41, NULL);
INSERT INTO sentence_builded (word_id, ordering, slot_id, translation_id, word_form_id) VALUES (42, 4, 1, 41, NULL);
INSERT INTO sentence_builded (word_id, ordering, slot_id, translation_id, word_form_id) VALUES (26, 1, 1, 42, NULL);
INSERT INTO sentence_builded (word_id, ordering, slot_id, translation_id, word_form_id) VALUES (6, 2, 1, 42, NULL);
INSERT INTO sentence_builded (word_id, ordering, slot_id, translation_id, word_form_id) VALUES (3, 3, 1, 42, NULL);
INSERT INTO sentence_builded (word_id, ordering, slot_id, translation_id, word_form_id) VALUES (43, 4, 1, 42, NULL);
INSERT INTO sentence_builded (word_id, ordering, slot_id, translation_id, word_form_id) VALUES (31, 1, 1, 43, NULL);
INSERT INTO sentence_builded (word_id, ordering, slot_id, translation_id, word_form_id) VALUES (6, 2, 1, 43, NULL);
INSERT INTO sentence_builded (word_id, ordering, slot_id, translation_id, word_form_id) VALUES (3, 3, 1, 43, NULL);
INSERT INTO sentence_builded (word_id, ordering, slot_id, translation_id, word_form_id) VALUES (19, 4, 1, 43, NULL);
INSERT INTO sentence_builded (word_id, ordering, slot_id, translation_id, word_form_id) VALUES (30, 1, 1, 44, NULL);
INSERT INTO sentence_builded (word_id, ordering, slot_id, translation_id, word_form_id) VALUES (20, 2, 1, 44, NULL);
INSERT INTO sentence_builded (word_id, ordering, slot_id, translation_id, word_form_id) VALUES (3, 3, 1, 44, NULL);
INSERT INTO sentence_builded (word_id, ordering, slot_id, translation_id, word_form_id) VALUES (48, 4, 1, 44, NULL);
INSERT INTO sentence_builded (word_id, ordering, slot_id, translation_id, word_form_id) VALUES (34, 1, 1, 45, NULL);
INSERT INTO sentence_builded (word_id, ordering, slot_id, translation_id, word_form_id) VALUES (2, 2, 1, 45, NULL);
INSERT INTO sentence_builded (word_id, ordering, slot_id, translation_id, word_form_id) VALUES (3, 3, 1, 45, NULL);
INSERT INTO sentence_builded (word_id, ordering, slot_id, translation_id, word_form_id) VALUES (42, 4, 1, 45, NULL);
INSERT INTO sentence_builded (word_id, ordering, slot_id, translation_id, word_form_id) VALUES (21, 1, 1, 46, NULL);
INSERT INTO sentence_builded (word_id, ordering, slot_id, translation_id, word_form_id) VALUES (20, 2, 1, 46, NULL);
INSERT INTO sentence_builded (word_id, ordering, slot_id, translation_id, word_form_id) VALUES (3, 3, 1, 46, NULL);
INSERT INTO sentence_builded (word_id, ordering, slot_id, translation_id, word_form_id) VALUES (42, 4, 1, 46, NULL);
INSERT INTO sentence_builded (word_id, ordering, slot_id, translation_id, word_form_id) VALUES (34, 1, 1, 47, NULL);
INSERT INTO sentence_builded (word_id, ordering, slot_id, translation_id, word_form_id) VALUES (20, 2, 1, 47, NULL);
INSERT INTO sentence_builded (word_id, ordering, slot_id, translation_id, word_form_id) VALUES (3, 3, 1, 47, NULL);
INSERT INTO sentence_builded (word_id, ordering, slot_id, translation_id, word_form_id) VALUES (42, 4, 1, 47, NULL);
INSERT INTO sentence_builded (word_id, ordering, slot_id, translation_id, word_form_id) VALUES (23, 1, 1, 48, NULL);
INSERT INTO sentence_builded (word_id, ordering, slot_id, translation_id, word_form_id) VALUES (6, 2, 1, 48, NULL);
INSERT INTO sentence_builded (word_id, ordering, slot_id, translation_id, word_form_id) VALUES (3, 3, 1, 48, NULL);
INSERT INTO sentence_builded (word_id, ordering, slot_id, translation_id, word_form_id) VALUES (37, 4, 1, 48, NULL);
INSERT INTO sentence_builded (word_id, ordering, slot_id, translation_id, word_form_id) VALUES (31, 1, 1, 49, NULL);
INSERT INTO sentence_builded (word_id, ordering, slot_id, translation_id, word_form_id) VALUES (2, 2, 1, 49, NULL);
INSERT INTO sentence_builded (word_id, ordering, slot_id, translation_id, word_form_id) VALUES (3, 3, 1, 49, NULL);
INSERT INTO sentence_builded (word_id, ordering, slot_id, translation_id, word_form_id) VALUES (19, 4, 1, 49, NULL);
INSERT INTO sentence_builded (word_id, ordering, slot_id, translation_id, word_form_id) VALUES (21, 1, 1, 50, NULL);
INSERT INTO sentence_builded (word_id, ordering, slot_id, translation_id, word_form_id) VALUES (20, 2, 1, 50, NULL);
INSERT INTO sentence_builded (word_id, ordering, slot_id, translation_id, word_form_id) VALUES (3, 3, 1, 50, NULL);
INSERT INTO sentence_builded (word_id, ordering, slot_id, translation_id, word_form_id) VALUES (37, 4, 1, 50, NULL);
INSERT INTO sentence_builded (word_id, ordering, slot_id, translation_id, word_form_id) VALUES (34, 1, 1, 51, NULL);
INSERT INTO sentence_builded (word_id, ordering, slot_id, translation_id, word_form_id) VALUES (2, 2, 1, 51, NULL);
INSERT INTO sentence_builded (word_id, ordering, slot_id, translation_id, word_form_id) VALUES (3, 3, 1, 51, NULL);
INSERT INTO sentence_builded (word_id, ordering, slot_id, translation_id, word_form_id) VALUES (48, 4, 1, 51, NULL);
INSERT INTO sentence_builded (word_id, ordering, slot_id, translation_id, word_form_id) VALUES (11, 1, 1, 52, NULL);
INSERT INTO sentence_builded (word_id, ordering, slot_id, translation_id, word_form_id) VALUES (20, 2, 1, 52, NULL);
INSERT INTO sentence_builded (word_id, ordering, slot_id, translation_id, word_form_id) VALUES (3, 3, 1, 52, NULL);
INSERT INTO sentence_builded (word_id, ordering, slot_id, translation_id, word_form_id) VALUES (48, 4, 1, 52, NULL);
INSERT INTO sentence_builded (word_id, ordering, slot_id, translation_id, word_form_id) VALUES (13, 1, 1, 53, NULL);
INSERT INTO sentence_builded (word_id, ordering, slot_id, translation_id, word_form_id) VALUES (20, 2, 1, 53, NULL);
INSERT INTO sentence_builded (word_id, ordering, slot_id, translation_id, word_form_id) VALUES (3, 3, 1, 53, NULL);
INSERT INTO sentence_builded (word_id, ordering, slot_id, translation_id, word_form_id) VALUES (17, 4, 1, 53, NULL);
INSERT INTO sentence_builded (word_id, ordering, slot_id, translation_id, word_form_id) VALUES (21, 1, 1, 54, NULL);
INSERT INTO sentence_builded (word_id, ordering, slot_id, translation_id, word_form_id) VALUES (2, 2, 1, 54, NULL);
INSERT INTO sentence_builded (word_id, ordering, slot_id, translation_id, word_form_id) VALUES (3, 3, 1, 54, NULL);
INSERT INTO sentence_builded (word_id, ordering, slot_id, translation_id, word_form_id) VALUES (17, 4, 1, 54, NULL);
INSERT INTO sentence_builded (word_id, ordering, slot_id, translation_id, word_form_id) VALUES (9, 1, 1, 55, NULL);
INSERT INTO sentence_builded (word_id, ordering, slot_id, translation_id, word_form_id) VALUES (2, 2, 1, 55, NULL);
INSERT INTO sentence_builded (word_id, ordering, slot_id, translation_id, word_form_id) VALUES (3, 3, 1, 55, NULL);
INSERT INTO sentence_builded (word_id, ordering, slot_id, translation_id, word_form_id) VALUES (19, 4, 1, 55, NULL);
INSERT INTO sentence_builded (word_id, ordering, slot_id, translation_id, word_form_id) VALUES (33, 1, 1, 56, NULL);
INSERT INTO sentence_builded (word_id, ordering, slot_id, translation_id, word_form_id) VALUES (6, 2, 1, 56, NULL);
INSERT INTO sentence_builded (word_id, ordering, slot_id, translation_id, word_form_id) VALUES (3, 3, 1, 56, NULL);
INSERT INTO sentence_builded (word_id, ordering, slot_id, translation_id, word_form_id) VALUES (48, 4, 1, 56, NULL);
INSERT INTO sentence_builded (word_id, ordering, slot_id, translation_id, word_form_id) VALUES (14, 1, 1, 57, NULL);
INSERT INTO sentence_builded (word_id, ordering, slot_id, translation_id, word_form_id) VALUES (20, 2, 1, 57, NULL);
INSERT INTO sentence_builded (word_id, ordering, slot_id, translation_id, word_form_id) VALUES (3, 3, 1, 57, NULL);
INSERT INTO sentence_builded (word_id, ordering, slot_id, translation_id, word_form_id) VALUES (37, 4, 1, 57, NULL);
INSERT INTO sentence_builded (word_id, ordering, slot_id, translation_id, word_form_id) VALUES (30, 1, 1, 58, NULL);
INSERT INTO sentence_builded (word_id, ordering, slot_id, translation_id, word_form_id) VALUES (2, 2, 1, 58, NULL);
INSERT INTO sentence_builded (word_id, ordering, slot_id, translation_id, word_form_id) VALUES (3, 3, 1, 58, NULL);
INSERT INTO sentence_builded (word_id, ordering, slot_id, translation_id, word_form_id) VALUES (42, 4, 1, 58, NULL);
INSERT INTO sentence_builded (word_id, ordering, slot_id, translation_id, word_form_id) VALUES (13, 1, 2, 59, NULL);
INSERT INTO sentence_builded (word_id, ordering, slot_id, translation_id, word_form_id) VALUES (39, 2, 2, 59, NULL);
INSERT INTO sentence_builded (word_id, ordering, slot_id, translation_id, word_form_id) VALUES (50, 3, 2, 59, NULL);
INSERT INTO sentence_builded (word_id, ordering, slot_id, translation_id, word_form_id) VALUES (49, 4, 2, 59, NULL);



INSERT INTO sentence_translations (id, translation) VALUES (2, 'Jego okno jest ciężkie.');
INSERT INTO sentence_translations (id, translation) VALUES (3, 'Jego dom jest pełen.');
INSERT INTO sentence_translations (id, translation) VALUES (4, 'Jej kot jest ciężki.');
INSERT INTO sentence_translations (id, translation) VALUES (5, 'Mój laptop jest skomplikowany.');
INSERT INTO sentence_translations (id, translation) VALUES (6, 'Twój pies jest straszny.');
INSERT INTO sentence_translations (id, translation) VALUES (7, 'Jego nóż jest straszny.');
INSERT INTO sentence_translations (id, translation) VALUES (8, 'Twój kot jest rozbrykany.');
INSERT INTO sentence_translations (id, translation) VALUES (9, 'Moje jedzenie jest śliczne.');
INSERT INTO sentence_translations (id, translation) VALUES (10, 'Twój pies jest brudny.');
INSERT INTO sentence_translations (id, translation) VALUES (11, 'Twój koc jest nie taki jak powinien.');
INSERT INTO sentence_translations (id, translation) VALUES (12, 'Jego zdjęcie jest brudne.');
INSERT INTO sentence_translations (id, translation) VALUES (13, 'Twój telefon komórkowy jest brudny.');
INSERT INTO sentence_translations (id, translation) VALUES (14, 'Twój koc jest brudny.');
INSERT INTO sentence_translations (id, translation) VALUES (15, 'Jego dom jest śliczny.');
INSERT INTO sentence_translations (id, translation) VALUES (16, 'Twoje okno jest za ciasne.');
INSERT INTO sentence_translations (id, translation) VALUES (17, 'Jej pies jest brudny.');
INSERT INTO sentence_translations (id, translation) VALUES (18, 'Moje łóżko jest śliczne.');
INSERT INTO sentence_translations (id, translation) VALUES (19, 'Jej laptop jest śliczny.');
INSERT INTO sentence_translations (id, translation) VALUES (20, 'Moje zdjęcie jest brudne.');
INSERT INTO sentence_translations (id, translation) VALUES (21, 'Jego pasek jest ciężki.');
INSERT INTO sentence_translations (id, translation) VALUES (22, 'Twój koc jest ciężki.');
INSERT INTO sentence_translations (id, translation) VALUES (23, 'Jego kawa jest nie taka.');
INSERT INTO sentence_translations (id, translation) VALUES (24, 'Jej spódnica jest za ciasna.');
INSERT INTO sentence_translations (id, translation) VALUES (25, 'Twój dom jest za mały.');
INSERT INTO sentence_translations (id, translation) VALUES (26, 'Moje łóżko jest za małe.');
INSERT INTO sentence_translations (id, translation) VALUES (27, 'Jego łózko jest za małe.');
INSERT INTO sentence_translations (id, translation) VALUES (28, 'Twój laptop jest za mały.');
INSERT INTO sentence_translations (id, translation) VALUES (29, 'Twój laptop jest śliczny.');
INSERT INTO sentence_translations (id, translation) VALUES (30, 'Twoja odpowiedź jest skomplikowana.');
INSERT INTO sentence_translations (id, translation) VALUES (31, 'Moja jadalnia jest brudna.');
INSERT INTO sentence_translations (id, translation) VALUES (32, 'Mój dom jest brudny.');
INSERT INTO sentence_translations (id, translation) VALUES (33, 'Jego nóż jest brudny.');
INSERT INTO sentence_translations (id, translation) VALUES (34, 'Twój laptop jest brudny.');
INSERT INTO sentence_translations (id, translation) VALUES (35, 'Twój pies jest śliczny.');
INSERT INTO sentence_translations (id, translation) VALUES (36, 'Twój młotek jest brudny.');
INSERT INTO sentence_translations (id, translation) VALUES (37, 'Jej kot jest rozbrykany.');
INSERT INTO sentence_translations (id, translation) VALUES (38, 'Twój pasek jest brudny.');
INSERT INTO sentence_translations (id, translation) VALUES (39, 'Twoje zdjęcie jest brudne.');
INSERT INTO sentence_translations (id, translation) VALUES (40, 'Twoje łóżko jest brudne.');
INSERT INTO sentence_translations (id, translation) VALUES (41, 'Twoje łóżko jest śliczne.');
INSERT INTO sentence_translations (id, translation) VALUES (42, 'Mój pies jest przestraszony.');
INSERT INTO sentence_translations (id, translation) VALUES (43, 'Mój ziemniak ładnie pachnie.');
INSERT INTO sentence_translations (id, translation) VALUES (44, 'Jej telefon komórkowy jest za mały.');
INSERT INTO sentence_translations (id, translation) VALUES (45, 'Twój pasek jest atrakcyjny.');
INSERT INTO sentence_translations (id, translation) VALUES (46, 'Jej łóżko jest śliczne.');
INSERT INTO sentence_translations (id, translation) VALUES (47, 'Jej pasek jest śliczny.');
INSERT INTO sentence_translations (id, translation) VALUES (48, 'Mój kot jest brudny.');
INSERT INTO sentence_translations (id, translation) VALUES (49, 'Twój ziemniak ładnie pachnie.');
INSERT INTO sentence_translations (id, translation) VALUES (50, 'Jego łóżko jest brudne.');
INSERT INTO sentence_translations (id, translation) VALUES (51, 'Twój pasek jest za mały.');
INSERT INTO sentence_translations (id, translation) VALUES (52, 'Jej zdjęcie jest za małe.');
INSERT INTO sentence_translations (id, translation) VALUES (53, 'Jego młotek jest ciężki.');
INSERT INTO sentence_translations (id, translation) VALUES (54, 'Twoje łóżko jest ciężkie.');
INSERT INTO sentence_translations (id, translation) VALUES (55, 'Twoja kawa ładnie pachnie.');
INSERT INTO sentence_translations (id, translation) VALUES (56, 'Mój nóż jest za mały.');
INSERT INTO sentence_translations (id, translation) VALUES (57, 'Jego laptop jest brudny.');
INSERT INTO sentence_translations (id, translation) VALUES (58, 'Twój telefon komórkowy jest śliczny.');
INSERT INTO sentence_translations (id, translation) VALUES (59, 'Masz brązowe młotki.');



INSERT INTO slot_fixed_words (slot_id, word_id) VALUES (3, 3);
INSERT INTO slot_fixed_words (slot_id, word_id) VALUES (7, 50);


INSERT INTO slot_specified (template_id, ordering, specified_id) VALUES (2, 4, 25);
INSERT INTO slot_specified (template_id, ordering, specified_id) VALUES (2, 4, 29);
INSERT INTO slot_specified (template_id, ordering, specified_id) VALUES (2, 2, 37);



INSERT INTO template_slots (id, ordering, group_id, type, template_id, connected) VALUES (1, 1, 5, 20, 1, 1);
INSERT INTO template_slots (id, ordering, group_id, type, template_id, connected) VALUES (2, 2, 10, 20, 1, NULL);
INSERT INTO template_slots (id, ordering, group_id, type, template_id, connected) VALUES (3, 3, 9, 19, 1, NULL);
INSERT INTO template_slots (id, ordering, group_id, type, template_id, connected) VALUES (4, 4, 7, 20, 1, 2);
INSERT INTO template_slots (id, ordering, group_id, type, template_id, connected) VALUES (5, 0, 5, 20, 2, 1);
INSERT INTO template_slots (id, ordering, group_id, type, template_id, connected) VALUES (6, 1, 8, 20, 2, NULL);
INSERT INTO template_slots (id, ordering, group_id, type, template_id, connected) VALUES (7, 2, 9, 19, 2, NULL);
INSERT INTO template_slots (id, ordering, group_id, type, template_id, connected) VALUES (9, 3, 17, 20, 2, 2);


INSERT INTO templates (id, template_name, language_id) VALUES (1, 'noun possessive kin adjective', 5);
INSERT INTO templates (id, template_name, language_id) VALUES (2, 'noun adjective (pl) eya verb (yuha)', 5);


INSERT INTO verb_forms (id, word_id, verb_form, form_type_id) VALUES (1, 49, 'x-yuhá-pl', 31);
INSERT INTO verb_forms (id, word_id, verb_form, form_type_id) VALUES (2, 49, 'bluhá', 22);
INSERT INTO verb_forms (id, word_id, verb_form, form_type_id) VALUES (3, 49, 'unyuhapi', 26);
INSERT INTO verb_forms (id, word_id, verb_form, form_type_id) VALUES (4, 8, 'čičíkʼala', 37);


INSERT INTO word_categories (word_id, category_id, category_type) VALUES (18, 8, 'F');
INSERT INTO word_categories (word_id, category_id, category_type) VALUES (22, 4, 'F');
INSERT INTO word_categories (word_id, category_id, category_type) VALUES (22, 5, 'F');
INSERT INTO word_categories (word_id, category_id, category_type) VALUES (14, 4, 'F');
INSERT INTO word_categories (word_id, category_id, category_type) VALUES (14, 5, 'F');
INSERT INTO word_categories (word_id, category_id, category_type) VALUES (23, 11, 'C');
INSERT INTO word_categories (word_id, category_id, category_type) VALUES (1, 4, 'C');
INSERT INTO word_categories (word_id, category_id, category_type) VALUES (40, 8, 'F');
INSERT INTO word_categories (word_id, category_id, category_type) VALUES (31, 5, 'F');
INSERT INTO word_categories (word_id, category_id, category_type) VALUES (8, 8, 'F');
INSERT INTO word_categories (word_id, category_id, category_type) VALUES (23, 5, 'F');
INSERT INTO word_categories (word_id, category_id, category_type) VALUES (33, 5, 'F');
INSERT INTO word_categories (word_id, category_id, category_type) VALUES (6, 10, 'F');
INSERT INTO word_categories (word_id, category_id, category_type) VALUES (1, 5, 'F');
INSERT INTO word_categories (word_id, category_id, category_type) VALUES (4, 8, 'F');
INSERT INTO word_categories (word_id, category_id, category_type) VALUES (45, 8, 'F');
INSERT INTO word_categories (word_id, category_id, category_type) VALUES (3, 9, 'F');
INSERT INTO word_categories (word_id, category_id, category_type) VALUES (13, 5, 'F');
INSERT INTO word_categories (word_id, category_id, category_type) VALUES (2, 10, 'F');
INSERT INTO word_categories (word_id, category_id, category_type) VALUES (21, 5, 'F');
INSERT INTO word_categories (word_id, category_id, category_type) VALUES (46, 7, 'F');
INSERT INTO word_categories (word_id, category_id, category_type) VALUES (15, 7, 'F');
INSERT INTO word_categories (word_id, category_id, category_type) VALUES (25, 5, 'F');
INSERT INTO word_categories (word_id, category_id, category_type) VALUES (29, 5, 'F');
INSERT INTO word_categories (word_id, category_id, category_type) VALUES (16, 8, 'F');
INSERT INTO word_categories (word_id, category_id, category_type) VALUES (24, 5, 'F');
INSERT INTO word_categories (word_id, category_id, category_type) VALUES (27, 8, 'F');
INSERT INTO word_categories (word_id, category_id, category_type) VALUES (41, 7, 'F');
INSERT INTO word_categories (word_id, category_id, category_type) VALUES (47, 8, 'F');
INSERT INTO word_categories (word_id, category_id, category_type) VALUES (35, 7, 'F');
INSERT INTO word_categories (word_id, category_id, category_type) VALUES (26, 11, 'F');
INSERT INTO word_categories (word_id, category_id, category_type) VALUES (26, 5, 'F');
INSERT INTO word_categories (word_id, category_id, category_type) VALUES (7, 5, 'F');
INSERT INTO word_categories (word_id, category_id, category_type) VALUES (17, 7, 'F');
INSERT INTO word_categories (word_id, category_id, category_type) VALUES (28, 6, 'F');
INSERT INTO word_categories (word_id, category_id, category_type) VALUES (28, 5, 'F');
INSERT INTO word_categories (word_id, category_id, category_type) VALUES (9, 6, 'F');
INSERT INTO word_categories (word_id, category_id, category_type) VALUES (9, 5, 'F');
INSERT INTO word_categories (word_id, category_id, category_type) VALUES (19, 7, 'F');
INSERT INTO word_categories (word_id, category_id, category_type) VALUES (11, 5, 'F');
INSERT INTO word_categories (word_id, category_id, category_type) VALUES (36, 6, 'F');
INSERT INTO word_categories (word_id, category_id, category_type) VALUES (36, 7, 'F');
INSERT INTO word_categories (word_id, category_id, category_type) VALUES (32, 5, 'F');
INSERT INTO word_categories (word_id, category_id, category_type) VALUES (43, 7, 'F');
INSERT INTO word_categories (word_id, category_id, category_type) VALUES (39, 8, 'F');
INSERT INTO word_categories (word_id, category_id, category_type) VALUES (31, 6, 'F');
INSERT INTO word_categories (word_id, category_id, category_type) VALUES (42, 7, 'F');
INSERT INTO word_categories (word_id, category_id, category_type) VALUES (39, 12, 'F');
INSERT INTO word_categories (word_id, category_id, category_type) VALUES (34, 4, 'F');
INSERT INTO word_categories (word_id, category_id, category_type) VALUES (34, 5, 'F');
INSERT INTO word_categories (word_id, category_id, category_type) VALUES (44, 7, 'F');
INSERT INTO word_categories (word_id, category_id, category_type) VALUES (30, 5, 'F');
INSERT INTO word_categories (word_id, category_id, category_type) VALUES (38, 7, 'F');
INSERT INTO word_categories (word_id, category_id, category_type) VALUES (48, 7, 'F');
INSERT INTO word_categories (word_id, category_id, category_type) VALUES (37, 7, 'F');
INSERT INTO word_categories (word_id, category_id, category_type) VALUES (40, 12, 'F');
INSERT INTO word_categories (word_id, category_id, category_type) VALUES (35, 4, 'F');
INSERT INTO word_categories (word_id, category_id, category_type) VALUES (20, 10, 'F');
INSERT INTO word_categories (word_id, category_id, category_type) VALUES (13, 14, 'F');
INSERT INTO word_categories (word_id, category_id, category_type) VALUES (33, 14, 'F');
INSERT INTO word_categories (word_id, category_id, category_type) VALUES (49, 17, 'F');
INSERT INTO word_categories (word_id, category_id, category_type) VALUES (50, 9, 'F');



INSERT INTO word_categories_include (word_id, category_id) VALUES (42, 6);
INSERT INTO word_categories_include (word_id, category_id) VALUES (42, 15);
INSERT INTO word_categories_include (word_id, category_id) VALUES (41, 16);
INSERT INTO word_categories_include (word_id, category_id) VALUES (19, 6);
INSERT INTO word_categories_include (word_id, category_id) VALUES (43, 15);
INSERT INTO word_categories_include (word_id, category_id) VALUES (43, 11);


INSERT INTO word_dictionary (id, entry_word) VALUES (1, 'ziemniak');
INSERT INTO word_dictionary (id, entry_word) VALUES (2, 'być ładnym');
INSERT INTO word_dictionary (id, entry_word) VALUES (3, 'być atrakcyjnym');
INSERT INTO word_dictionary (id, entry_word) VALUES (4, 'być ślicznym');
INSERT INTO word_dictionary (id, entry_word) VALUES (5, 'być smacznym');
INSERT INTO word_dictionary (id, entry_word) VALUES (6, 'być małym');
INSERT INTO word_dictionary (id, entry_word) VALUES (7, 'brązowy');
INSERT INTO word_dictionary (id, entry_word) VALUES (8, 'kot');
INSERT INTO word_dictionary (id, entry_word) VALUES (9, 'język');
INSERT INTO word_dictionary (id, entry_word) VALUES (10, 'ten');
INSERT INTO word_dictionary (id, entry_word) VALUES (11, 'nóż');
INSERT INTO word_dictionary (id, entry_word) VALUES (12, 'mój');
INSERT INTO word_dictionary (id, entry_word) VALUES (13, 'spódnica');
INSERT INTO word_dictionary (id, entry_word) VALUES (14, 'to nie jest właściwe');
INSERT INTO word_dictionary (id, entry_word) VALUES (15, 'to jest złe');
INSERT INTO word_dictionary (id, entry_word) VALUES (16, 'to jest niepoprawne');
INSERT INTO word_dictionary (id, entry_word) VALUES (17, 'nie tak jak powinno być');
INSERT INTO word_dictionary (id, entry_word) VALUES (18, 'to nie jest to');
INSERT INTO word_dictionary (id, entry_word) VALUES (19, 'niepoprawne');
INSERT INTO word_dictionary (id, entry_word) VALUES (20, 'być słabym');
INSERT INTO word_dictionary (id, entry_word) VALUES (21, 'być powolnym');
INSERT INTO word_dictionary (id, entry_word) VALUES (22, 'umierać');
INSERT INTO word_dictionary (id, entry_word) VALUES (23, 'pasek');
INSERT INTO word_dictionary (id, entry_word) VALUES (24, 'szarfa');
INSERT INTO word_dictionary (id, entry_word) VALUES (25, 'wstęga');
INSERT INTO word_dictionary (id, entry_word) VALUES (26, 'być ciepłym');
INSERT INTO word_dictionary (id, entry_word) VALUES (27, 'być gorącym');
INSERT INTO word_dictionary (id, entry_word) VALUES (28, 'mieć gorączkę');
INSERT INTO word_dictionary (id, entry_word) VALUES (29, 'młotek');
INSERT INTO word_dictionary (id, entry_word) VALUES (30, 'twój');
INSERT INTO word_dictionary (id, entry_word) VALUES (31, 'być spokojnym');
INSERT INTO word_dictionary (id, entry_word) VALUES (32, 'być pogodnym');
INSERT INTO word_dictionary (id, entry_word) VALUES (33, 'być łagodnym');
INSERT INTO word_dictionary (id, entry_word) VALUES (34, 'być miłym');
INSERT INTO word_dictionary (id, entry_word) VALUES (35, 'telefon komórkowy');
INSERT INTO word_dictionary (id, entry_word) VALUES (36, 'być skomplikowanym');
INSERT INTO word_dictionary (id, entry_word) VALUES (37, 'być złożonym');
INSERT INTO word_dictionary (id, entry_word) VALUES (38, 'być pogmatwanym');
INSERT INTO word_dictionary (id, entry_word) VALUES (39, 'być trudnym');
INSERT INTO word_dictionary (id, entry_word) VALUES (40, 'być ciasnym');
INSERT INTO word_dictionary (id, entry_word) VALUES (41, 'być za małym');
INSERT INTO word_dictionary (id, entry_word) VALUES (42, 'być pełnym czegoś');
INSERT INTO word_dictionary (id, entry_word) VALUES (43, 'jadalnia');
INSERT INTO word_dictionary (id, entry_word) VALUES (44, 'jedzenie');
INSERT INTO word_dictionary (id, entry_word) VALUES (45, 'czas posiłku');
INSERT INTO word_dictionary (id, entry_word) VALUES (46, 'łóżko');
INSERT INTO word_dictionary (id, entry_word) VALUES (47, 'okno');
INSERT INTO word_dictionary (id, entry_word) VALUES (48, 'być miękkim');
INSERT INTO word_dictionary (id, entry_word) VALUES (49, 'być puchowym');
INSERT INTO word_dictionary (id, entry_word) VALUES (50, 'być puszystym');
INSERT INTO word_dictionary (id, entry_word) VALUES (51, 'być ostrym');
INSERT INTO word_dictionary (id, entry_word) VALUES (52, 'mieć ostrą krawędź');
INSERT INTO word_dictionary (id, entry_word) VALUES (53, 'czerwony');
INSERT INTO word_dictionary (id, entry_word) VALUES (54, 'być wypłowiałym');
INSERT INTO word_dictionary (id, entry_word) VALUES (55, 'być jasnym');
INSERT INTO word_dictionary (id, entry_word) VALUES (56, 'być siwym');
INSERT INTO word_dictionary (id, entry_word) VALUES (57, 'czarny');
INSERT INTO word_dictionary (id, entry_word) VALUES (58, 'brudny');
INSERT INTO word_dictionary (id, entry_word) VALUES (59, 'koc');
INSERT INTO word_dictionary (id, entry_word) VALUES (60, 'kilt');
INSERT INTO word_dictionary (id, entry_word) VALUES (61, 'laptop');
INSERT INTO word_dictionary (id, entry_word) VALUES (62, 'biały');
INSERT INTO word_dictionary (id, entry_word) VALUES (63, 'być rozbrykanym');
INSERT INTO word_dictionary (id, entry_word) VALUES (64, 'być żywiołowym');
INSERT INTO word_dictionary (id, entry_word) VALUES (65, 'być energicznym');
INSERT INTO word_dictionary (id, entry_word) VALUES (66, 'być nerwowym');
INSERT INTO word_dictionary (id, entry_word) VALUES (67, 'być hałaśliwym');
INSERT INTO word_dictionary (id, entry_word) VALUES (68, 'być wrzaskliwym');
INSERT INTO word_dictionary (id, entry_word) VALUES (69, 'być pełnym werwy');
INSERT INTO word_dictionary (id, entry_word) VALUES (70, 'być żwawym');
INSERT INTO word_dictionary (id, entry_word) VALUES (71, 'być grubym');
INSERT INTO word_dictionary (id, entry_word) VALUES (72, 'być ciężkim');
INSERT INTO word_dictionary (id, entry_word) VALUES (73, 'być ścisłym');
INSERT INTO word_dictionary (id, entry_word) VALUES (74, 'być zbitym');
INSERT INTO word_dictionary (id, entry_word) VALUES (75, 'pies');
INSERT INTO word_dictionary (id, entry_word) VALUES (76, 'jego');
INSERT INTO word_dictionary (id, entry_word) VALUES (77, 'jej');
INSERT INTO word_dictionary (id, entry_word) VALUES (78, 'dom');
INSERT INTO word_dictionary (id, entry_word) VALUES (79, 'być uciążliwyn');
INSERT INTO word_dictionary (id, entry_word) VALUES (80, 'zupa');
INSERT INTO word_dictionary (id, entry_word) VALUES (81, 'bulion');
INSERT INTO word_dictionary (id, entry_word) VALUES (82, 'gulasz');
INSERT INTO word_dictionary (id, entry_word) VALUES (83, 'kawa');
INSERT INTO word_dictionary (id, entry_word) VALUES (84, 'ładnie pachnieć');
INSERT INTO word_dictionary (id, entry_word) VALUES (85, 'być aromatycznym');
INSERT INTO word_dictionary (id, entry_word) VALUES (86, 'zdjęcie');
INSERT INTO word_dictionary (id, entry_word) VALUES (87, 'być najedzonym');
INSERT INTO word_dictionary (id, entry_word) VALUES (88, 'być pełnym');
INSERT INTO word_dictionary (id, entry_word) VALUES (89, 'być napchanym');
INSERT INTO word_dictionary (id, entry_word) VALUES (90, 'odpowiedź');
INSERT INTO word_dictionary (id, entry_word) VALUES (91, 'być niebezpiecznym');
INSERT INTO word_dictionary (id, entry_word) VALUES (92, 'być przestraszonym');
INSERT INTO word_dictionary (id, entry_word) VALUES (93, 'bać się');
INSERT INTO word_dictionary (id, entry_word) VALUES (94, 'być przerażonym');
INSERT INTO word_dictionary (id, entry_word) VALUES (95, 'mieć');


INSERT INTO word_functions (word_id, function_id) VALUES (31, 5);
INSERT INTO word_functions (word_id, function_id) VALUES (8, 8);
INSERT INTO word_functions (word_id, function_id) VALUES (23, 5);
INSERT INTO word_functions (word_id, function_id) VALUES (33, 5);
INSERT INTO word_functions (word_id, function_id) VALUES (6, 10);
INSERT INTO word_functions (word_id, function_id) VALUES (1, 5);
INSERT INTO word_functions (word_id, function_id) VALUES (42, 8);
INSERT INTO word_functions (word_id, function_id) VALUES (4, 8);
INSERT INTO word_functions (word_id, function_id) VALUES (45, 8);
INSERT INTO word_functions (word_id, function_id) VALUES (3, 9);
INSERT INTO word_functions (word_id, function_id) VALUES (13, 5);
INSERT INTO word_functions (word_id, function_id) VALUES (2, 10);
INSERT INTO word_functions (word_id, function_id) VALUES (21, 5);
INSERT INTO word_functions (word_id, function_id) VALUES (46, 7);
INSERT INTO word_functions (word_id, function_id) VALUES (15, 7);
INSERT INTO word_functions (word_id, function_id) VALUES (25, 5);
INSERT INTO word_functions (word_id, function_id) VALUES (29, 5);
INSERT INTO word_functions (word_id, function_id) VALUES (16, 8);
INSERT INTO word_functions (word_id, function_id) VALUES (24, 5);
INSERT INTO word_functions (word_id, function_id) VALUES (27, 8);
INSERT INTO word_functions (word_id, function_id) VALUES (37, 8);
INSERT INTO word_functions (word_id, function_id) VALUES (47, 8);
INSERT INTO word_functions (word_id, function_id) VALUES (22, 5);


INSERT INTO words (id, word, language_id, created_date) VALUES (1, 'nitéhepi', 5, '2016-11-13 19:36:41.74+01');
INSERT INTO words (id, word, language_id, created_date) VALUES (2, 'nitȟáwa', 5, '2016-11-13 19:36:41.74+01');
INSERT INTO words (id, word, language_id, created_date) VALUES (3, 'kiŋ', 5, '2016-11-13 19:36:41.74+01');
INSERT INTO words (id, word, language_id, created_date) VALUES (4, 'šá', 5, '2016-11-13 19:36:41.74+01');
INSERT INTO words (id, word, language_id, created_date) VALUES (6, 'mitȟáwa', 5, '2016-11-13 19:36:41.74+01');
INSERT INTO words (id, word, language_id, created_date) VALUES (7, 'thípi', 5, '2016-11-13 19:36:41.74+01');
INSERT INTO words (id, word, language_id, created_date) VALUES (8, 'číkʼala', 5, '2016-11-13 19:36:41.74+01');
INSERT INTO words (id, word, language_id, created_date) VALUES (9, 'wakȟályapi', 5, '2016-11-13 19:36:41.74+01');
INSERT INTO words (id, word, language_id, created_date) VALUES (11, 'wičhítowapi', 5, '2016-11-13 19:36:41.74+01');
INSERT INTO words (id, word, language_id, created_date) VALUES (13, 'mas’íyapȟe', 5, '2016-11-13 19:36:41.74+01');
INSERT INTO words (id, word, language_id, created_date) VALUES (14, 'šiyútakaŋ', 5, '2016-11-13 19:36:41.74+01');
INSERT INTO words (id, word, language_id, created_date) VALUES (15, 'húŋkešni', 5, '2016-11-13 19:36:41.74+01');
INSERT INTO words (id, word, language_id, created_date) VALUES (16, 'sáŋ', 5, '2016-11-13 19:36:41.74+01');
INSERT INTO words (id, word, language_id, created_date) VALUES (17, 'tké', 5, '2016-11-13 19:36:41.74+01');
INSERT INTO words (id, word, language_id, created_date) VALUES (19, 'waštémna', 5, '2016-11-13 19:36:41.74+01');
INSERT INTO words (id, word, language_id, created_date) VALUES (21, 'oyúŋke', 5, '2016-11-13 19:36:41.74+01');
INSERT INTO words (id, word, language_id, created_date) VALUES (22, 'šiná', 5, '2016-11-13 19:36:41.74+01');
INSERT INTO words (id, word, language_id, created_date) VALUES (23, 'igmú', 5, '2016-11-13 19:36:41.74+01');
INSERT INTO words (id, word, language_id, created_date) VALUES (24, 'ožáŋžaŋglepi', 5, '2016-11-13 19:36:41.74+01');
INSERT INTO words (id, word, language_id, created_date) VALUES (25, 'iyápi', 5, '2016-11-13 19:36:41.74+01');
INSERT INTO words (id, word, language_id, created_date) VALUES (26, 'šúŋka', 5, '2016-11-13 19:36:41.74+01');
INSERT INTO words (id, word, language_id, created_date) VALUES (27, 'pȟáŋžela', 5, '2016-11-13 19:36:41.74+01');
INSERT INTO words (id, word, language_id, created_date) VALUES (28, 'waháŋpi', 5, '2016-11-13 19:36:41.74+01');
INSERT INTO words (id, word, language_id, created_date) VALUES (29, 'owóte', 5, '2016-11-13 19:36:41.74+01');
INSERT INTO words (id, word, language_id, created_date) VALUES (30, 'omás’apȟela', 5, '2016-11-13 20:13:58.783+01');
INSERT INTO words (id, word, language_id, created_date) VALUES (31, 'bló', 5, '2016-11-13 20:14:57.855+01');
INSERT INTO words (id, word, language_id, created_date) VALUES (32, 'wóayupte', 5, '2016-11-13 20:15:14.231+01');
INSERT INTO words (id, word, language_id, created_date) VALUES (33, 'míla', 5, '2016-11-13 20:17:36.022+01');
INSERT INTO words (id, word, language_id, created_date) VALUES (35, 'šóke', 5, '2016-11-13 20:39:02.798+01');
INSERT INTO words (id, word, language_id, created_date) VALUES (36, 'wíphi', 5, '2016-11-13 20:39:09.17+01');
INSERT INTO words (id, word, language_id, created_date) VALUES (37, 'šápA', 5, '2016-11-13 20:39:43.155+01');
INSERT INTO words (id, word, language_id, created_date) VALUES (38, 'oškíškA', 5, '2016-11-13 20:39:54.348+01');
INSERT INTO words (id, word, language_id, created_date) VALUES (41, 'škéhaŋ', 5, '2016-11-13 20:40:16.186+01');
INSERT INTO words (id, word, language_id, created_date) VALUES (42, 'čhó', 5, '2016-11-13 20:40:21.342+01');
INSERT INTO words (id, word, language_id, created_date) VALUES (43, 'wókȟokipȟekA', 5, '2016-11-13 20:40:34.436+01');
INSERT INTO words (id, word, language_id, created_date) VALUES (44, 'očhíŋwašte', 5, '2016-11-13 20:40:42.28+01');
INSERT INTO words (id, word, language_id, created_date) VALUES (45, 'kȟátA', 5, '2016-11-13 20:40:51.876+01');
INSERT INTO words (id, word, language_id, created_date) VALUES (46, 'héčhetu šni', 5, '2016-11-13 20:40:58.912+01');
INSERT INTO words (id, word, language_id, created_date) VALUES (47, 'pȟé', 5, '2016-11-13 20:41:17.854+01');
INSERT INTO words (id, word, language_id, created_date) VALUES (48, 'ot’íŋzA', 5, '2016-11-13 20:41:31.251+01');
INSERT INTO words (id, word, language_id, created_date) VALUES (20, 'tȟáwa', 5, '2016-11-13 19:36:41.74+01');
INSERT INTO words (id, word, language_id, created_date) VALUES (39, 'ǧí', 5, '2016-11-13 20:40:01.311+01');
INSERT INTO words (id, word, language_id, created_date) VALUES (18, 'sápA', 5, '2016-11-13 19:36:41.74+01');
INSERT INTO words (id, word, language_id, created_date) VALUES (34, 'iphíyakA', 5, '2016-11-13 20:17:59.183+01');
INSERT INTO words (id, word, language_id, created_date) VALUES (40, 'ská', 5, '2016-11-13 20:40:07.43+01');
INSERT INTO words (id, word, language_id, created_date) VALUES (49, 'yuhá', 5, '2016-12-25 08:38:31.702+01');
INSERT INTO words (id, word, language_id, created_date) VALUES (50, 'eyá', 5, '2016-12-25 21:39:49.544+01');



INSERT INTO words_translations (id, word_id, translation_id) VALUES (1, 31, 1);
INSERT INTO words_translations (id, word_id, translation_id) VALUES (2, 42, 2);
INSERT INTO words_translations (id, word_id, translation_id) VALUES (3, 42, 3);
INSERT INTO words_translations (id, word_id, translation_id) VALUES (4, 42, 4);
INSERT INTO words_translations (id, word_id, translation_id) VALUES (5, 42, 5);
INSERT INTO words_translations (id, word_id, translation_id) VALUES (6, 8, 6);
INSERT INTO words_translations (id, word_id, translation_id) VALUES (7, 39, 7);
INSERT INTO words_translations (id, word_id, translation_id) VALUES (8, 23, 8);
INSERT INTO words_translations (id, word_id, translation_id) VALUES (9, 25, 9);
INSERT INTO words_translations (id, word_id, translation_id) VALUES (10, 3, 10);
INSERT INTO words_translations (id, word_id, translation_id) VALUES (11, 33, 11);
INSERT INTO words_translations (id, word_id, translation_id) VALUES (12, 6, 12);
INSERT INTO words_translations (id, word_id, translation_id) VALUES (13, 1, 13);
INSERT INTO words_translations (id, word_id, translation_id) VALUES (14, 46, 14);
INSERT INTO words_translations (id, word_id, translation_id) VALUES (15, 46, 15);
INSERT INTO words_translations (id, word_id, translation_id) VALUES (16, 46, 16);
INSERT INTO words_translations (id, word_id, translation_id) VALUES (17, 46, 17);
INSERT INTO words_translations (id, word_id, translation_id) VALUES (18, 46, 18);
INSERT INTO words_translations (id, word_id, translation_id) VALUES (19, 46, 19);
INSERT INTO words_translations (id, word_id, translation_id) VALUES (20, 15, 20);
INSERT INTO words_translations (id, word_id, translation_id) VALUES (21, 15, 21);
INSERT INTO words_translations (id, word_id, translation_id) VALUES (22, 15, 22);
INSERT INTO words_translations (id, word_id, translation_id) VALUES (23, 34, 23);
INSERT INTO words_translations (id, word_id, translation_id) VALUES (24, 34, 24);
INSERT INTO words_translations (id, word_id, translation_id) VALUES (25, 34, 25);
INSERT INTO words_translations (id, word_id, translation_id) VALUES (26, 45, 26);
INSERT INTO words_translations (id, word_id, translation_id) VALUES (27, 45, 27);
INSERT INTO words_translations (id, word_id, translation_id) VALUES (28, 45, 28);
INSERT INTO words_translations (id, word_id, translation_id) VALUES (29, 13, 29);
INSERT INTO words_translations (id, word_id, translation_id) VALUES (30, 2, 30);
INSERT INTO words_translations (id, word_id, translation_id) VALUES (31, 44, 31);
INSERT INTO words_translations (id, word_id, translation_id) VALUES (32, 44, 32);
INSERT INTO words_translations (id, word_id, translation_id) VALUES (33, 44, 33);
INSERT INTO words_translations (id, word_id, translation_id) VALUES (34, 44, 34);
INSERT INTO words_translations (id, word_id, translation_id) VALUES (35, 30, 35);
INSERT INTO words_translations (id, word_id, translation_id) VALUES (36, 38, 36);
INSERT INTO words_translations (id, word_id, translation_id) VALUES (37, 38, 37);
INSERT INTO words_translations (id, word_id, translation_id) VALUES (38, 38, 38);
INSERT INTO words_translations (id, word_id, translation_id) VALUES (39, 38, 39);
INSERT INTO words_translations (id, word_id, translation_id) VALUES (40, 48, 40);
INSERT INTO words_translations (id, word_id, translation_id) VALUES (41, 48, 41);
INSERT INTO words_translations (id, word_id, translation_id) VALUES (42, 48, 42);
INSERT INTO words_translations (id, word_id, translation_id) VALUES (43, 29, 43);
INSERT INTO words_translations (id, word_id, translation_id) VALUES (44, 29, 44);
INSERT INTO words_translations (id, word_id, translation_id) VALUES (45, 29, 45);
INSERT INTO words_translations (id, word_id, translation_id) VALUES (46, 21, 46);
INSERT INTO words_translations (id, word_id, translation_id) VALUES (47, 24, 47);
INSERT INTO words_translations (id, word_id, translation_id) VALUES (48, 27, 48);
INSERT INTO words_translations (id, word_id, translation_id) VALUES (49, 27, 49);
INSERT INTO words_translations (id, word_id, translation_id) VALUES (50, 27, 50);
INSERT INTO words_translations (id, word_id, translation_id) VALUES (51, 47, 51);
INSERT INTO words_translations (id, word_id, translation_id) VALUES (52, 47, 52);
INSERT INTO words_translations (id, word_id, translation_id) VALUES (53, 4, 53);
INSERT INTO words_translations (id, word_id, translation_id) VALUES (54, 16, 54);
INSERT INTO words_translations (id, word_id, translation_id) VALUES (55, 16, 55);
INSERT INTO words_translations (id, word_id, translation_id) VALUES (56, 16, 56);
INSERT INTO words_translations (id, word_id, translation_id) VALUES (57, 18, 57);
INSERT INTO words_translations (id, word_id, translation_id) VALUES (58, 37, 58);
INSERT INTO words_translations (id, word_id, translation_id) VALUES (59, 22, 59);
INSERT INTO words_translations (id, word_id, translation_id) VALUES (60, 22, 60);
INSERT INTO words_translations (id, word_id, translation_id) VALUES (61, 14, 61);
INSERT INTO words_translations (id, word_id, translation_id) VALUES (62, 40, 62);
INSERT INTO words_translations (id, word_id, translation_id) VALUES (63, 41, 63);
INSERT INTO words_translations (id, word_id, translation_id) VALUES (64, 41, 64);
INSERT INTO words_translations (id, word_id, translation_id) VALUES (65, 41, 65);
INSERT INTO words_translations (id, word_id, translation_id) VALUES (66, 41, 66);
INSERT INTO words_translations (id, word_id, translation_id) VALUES (67, 41, 67);
INSERT INTO words_translations (id, word_id, translation_id) VALUES (68, 41, 68);
INSERT INTO words_translations (id, word_id, translation_id) VALUES (69, 41, 69);
INSERT INTO words_translations (id, word_id, translation_id) VALUES (70, 41, 70);
INSERT INTO words_translations (id, word_id, translation_id) VALUES (71, 35, 71);
INSERT INTO words_translations (id, word_id, translation_id) VALUES (72, 35, 72);
INSERT INTO words_translations (id, word_id, translation_id) VALUES (73, 35, 73);
INSERT INTO words_translations (id, word_id, translation_id) VALUES (74, 35, 74);
INSERT INTO words_translations (id, word_id, translation_id) VALUES (75, 26, 75);
INSERT INTO words_translations (id, word_id, translation_id) VALUES (76, 20, 76);
INSERT INTO words_translations (id, word_id, translation_id) VALUES (77, 20, 77);
INSERT INTO words_translations (id, word_id, translation_id) VALUES (78, 7, 78);
INSERT INTO words_translations (id, word_id, translation_id) VALUES (79, 17, 72);
INSERT INTO words_translations (id, word_id, translation_id) VALUES (80, 17, 79);
INSERT INTO words_translations (id, word_id, translation_id) VALUES (81, 28, 80);
INSERT INTO words_translations (id, word_id, translation_id) VALUES (82, 28, 81);
INSERT INTO words_translations (id, word_id, translation_id) VALUES (83, 28, 82);
INSERT INTO words_translations (id, word_id, translation_id) VALUES (84, 9, 83);
INSERT INTO words_translations (id, word_id, translation_id) VALUES (85, 19, 84);
INSERT INTO words_translations (id, word_id, translation_id) VALUES (86, 19, 85);
INSERT INTO words_translations (id, word_id, translation_id) VALUES (87, 11, 86);
INSERT INTO words_translations (id, word_id, translation_id) VALUES (88, 36, 87);
INSERT INTO words_translations (id, word_id, translation_id) VALUES (89, 36, 88);
INSERT INTO words_translations (id, word_id, translation_id) VALUES (90, 36, 89);
INSERT INTO words_translations (id, word_id, translation_id) VALUES (91, 32, 90);
INSERT INTO words_translations (id, word_id, translation_id) VALUES (92, 43, 91);
INSERT INTO words_translations (id, word_id, translation_id) VALUES (93, 43, 92);
INSERT INTO words_translations (id, word_id, translation_id) VALUES (94, 43, 93);
INSERT INTO words_translations (id, word_id, translation_id) VALUES (95, 43, 94);
INSERT INTO words_translations (id, word_id, translation_id) VALUES (96, 49, 95);

